Company,Certainty Score
company01,0.822120071
company02,0.838126986
company03,0.835414824
company04,0.924932267
company05,0.903117956
company06,0.915628435
company07,0.850188007
company08,0.076577198
company09,0.035787521
company10,0.169222924
